"jour","St_martin"
2014-01-01,0.2
2014-01-02,11.5
2014-01-03,2
2014-01-04,57.3
2014-01-05,9.1
2014-01-06,0
2014-01-07,0
2014-01-08,0
2014-01-09,0
2014-01-10,0
2014-01-11,0
2014-01-12,0
2014-01-13,11.9
2014-01-14,6.9
2014-01-15,0
2014-01-16,33.5
2014-01-17,29.8
2014-01-18,51.8
2014-01-19,39
2014-01-20,2.2
2014-01-21,0
2014-01-22,0
2014-01-23,0
2014-01-24,0
2014-01-25,0
2014-01-26,0
2014-01-27,0
2014-01-28,0
2014-01-29,5.2
2014-01-30,9.3
2014-01-31,2
2014-02-01,0.8
2014-02-02,7.1
2014-02-03,4.6
2014-02-04,20.2
2014-02-05,23.6
2014-02-06,0.2
2014-02-07,15.1
2014-02-08,14.1
2014-02-09,0
2014-02-10,37.3
2014-02-11,0
2014-02-12,0
2014-02-13,0.8
2014-02-14,0
2014-02-15,0.2
2014-02-16,10.7
2014-02-17,9.1
2014-02-18,0
2014-02-19,0
2014-02-20,0
2014-02-21,0.2
2014-02-22,0
2014-02-23,0
2014-02-24,0
2014-02-25,2.4
2014-02-26,21.4
2014-02-27,0.2
2014-02-28,15.3
2014-03-01,2
2014-03-02,0
2014-03-03,7
2014-03-04,0.8
2014-03-05,0
2014-03-06,0
2014-03-07,0
2014-03-08,0
2014-03-09,0
2014-03-10,0
2014-03-11,0
2014-03-12,0
2014-03-13,0
2014-03-14,0
2014-03-15,0
2014-03-16,0
2014-03-17,0
2014-03-18,0
2014-03-19,0
2014-03-20,0
2014-03-21,0
2014-03-22,33.7
2014-03-23,0.2
2014-03-24,0
2014-03-25,1.8
2014-03-26,0
2014-03-27,0
2014-03-28,0
2014-03-29,0
2014-03-30,0
2014-03-31,0
2014-04-01,0
2014-04-02,0
2014-04-03,0
2014-04-04,4.2
2014-04-05,0
2014-04-06,0
2014-04-07,0
2014-04-08,0.4
2014-04-09,0
2014-04-10,0
2014-04-11,0
2014-04-12,0.6
2014-04-13,0
2014-04-14,0
2014-04-15,0
2014-04-16,0
2014-04-17,0
2014-04-18,0
2014-04-19,0
2014-04-20,4.2
2014-04-21,6.2
2014-04-22,2.6
2014-04-23,0
2014-04-24,0
2014-04-25,1
2014-04-26,0.2
2014-04-27,7
2014-04-28,3.4
2014-04-29,2.8
2014-04-30,0
2014-05-01,4.8
2014-05-02,7.3
2014-05-03,11.2
2014-05-04,0
2014-05-05,0
2014-05-06,0
2014-05-07,0
2014-05-08,0
2014-05-09,0
2014-05-10,0
2014-05-11,0
2014-05-12,0
2014-05-13,7.9
2014-05-14,0.2
2014-05-15,0
2014-05-16,0
2014-05-17,2.8
2014-05-18,0
2014-05-19,1.4
2014-05-20,0.2
2014-05-21,0
2014-05-22,15.2
2014-05-23,2.8
2014-05-24,0
2014-05-25,0
2014-05-26,8.3
2014-05-27,4.2
2014-05-28,11.3
2014-05-29,3.6
2014-05-30,5.9
2014-05-31,0.2
2014-06-01,16.7
2014-06-02,0.6
2014-06-03,2.2
2014-06-04,0.2
2014-06-05,0
2014-06-06,0.2
2014-06-07,0
2014-06-08,0
2014-06-09,0.2
2014-06-10,6.5
2014-06-11,2.6
2014-06-12,0
2014-06-13,37.4
2014-06-14,26.7
2014-06-15,1.2
2014-06-16,0.4
2014-06-17,36
2014-06-18,9.1
2014-06-19,0
2014-06-20,0
2014-06-21,0.2
2014-06-22,0
2014-06-23,0
2014-06-24,0
2014-06-25,39
2014-06-26,6.9
2014-06-27,0
2014-06-28,0.6
2014-06-29,9
2014-06-30,0.2
2014-07-01,0.6
2014-07-02,0.4
2014-07-03,0
2014-07-04,8.4
2014-07-05,0.2
2014-07-06,0
2014-07-07,7.5
2014-07-08,1.8
2014-07-09,7.3
2014-07-10,0.2
2014-07-11,10.5
2014-07-12,2.8
2014-07-13,31.3
2014-07-14,2.8
2014-07-15,3.2
2014-07-16,2.2
2014-07-17,0
2014-07-18,0.2
2014-07-19,0
2014-07-20,6.7
2014-07-21,9.5
2014-07-22,0.2
2014-07-23,6.3
2014-07-24,15
2014-07-25,3.6
2014-07-26,12.3
2014-07-27,0
2014-07-28,0.2
2014-07-29,1
2014-07-30,0.2
2014-07-31,0
2014-08-01,0.2
2014-08-02,0.2
2014-08-03,0
2014-08-04,0
2014-08-05,3.2
2014-08-06,0
2014-08-07,20.7
2014-08-08,0.2
2014-08-09,0.2
2014-08-10,0.2
2014-08-11,0
2014-08-12,0.2
2014-08-13,13.5
2014-08-14,0
2014-08-15,0.2
2014-08-16,7.9
2014-08-17,0
2014-08-18,0.2
2014-08-19,12.3
2014-08-20,0
2014-08-21,0.2
2014-08-22,0.2
2014-08-23,0.2
2014-08-24,0
2014-08-25,0.2
2014-08-26,0
2014-08-27,0.2
2014-08-28,0
2014-08-29,0.2
2014-08-30,0.2
2014-08-31,0
2014-09-01,0.2
2014-09-02,0
2014-09-03,0
2014-09-04,0.2
2014-09-05,0.2
2014-09-06,4.7
2014-09-07,0.2
2014-09-08,5
2014-09-09,14.6
2014-09-10,19.4
2014-09-11,0
2014-09-12,0
2014-09-13,0
2014-09-14,0
2014-09-15,1.8
2014-09-16,0
2014-09-17,3
2014-09-18,2.2
2014-09-19,0.4
2014-09-20,8
2014-09-21,0
2014-09-22,0
2014-09-23,0
2014-09-24,0.4
2014-09-25,0.2
2014-09-26,0.2
2014-09-27,0.2
2014-09-28,0
2014-09-29,0
2014-09-30,10.3
2014-10-01,1.4
2014-10-02,0.2
2014-10-03,0.2
2014-10-04,0.2
2014-10-05,13.7
2014-10-06,0.2
2014-10-07,2.2
2014-10-08,1
2014-10-09,0
2014-10-10,0.2
2014-10-11,7.9
2014-10-12,4.9
2014-10-13,55
2014-10-14,1
2014-10-15,0
2014-10-16,0
2014-10-17,0
2014-10-18,0
2014-10-19,0.2
2014-10-20,0
2014-10-21,0.2
2014-10-22,0
2014-10-23,0
2014-10-24,0
2014-10-25,0
2014-10-26,0
2014-10-27,0.2
2014-10-28,0
2014-10-29,0.2
2014-10-30,0
2014-10-31,0
2014-11-01,0
2014-11-02,0
2014-11-03,12.9
2014-11-04,201.1
2014-11-05,21.8
2014-11-06,0
2014-11-07,0
2014-11-08,0
2014-11-09,25.4
2014-11-10,37.5
2014-11-11,48
2014-11-12,8.7
2014-11-13,0
2014-11-14,9.1
2014-11-15,50.4
2014-11-16,0.2
2014-11-17,1.4
2014-11-18,0.2
2014-11-19,0.2
2014-11-20,0
2014-11-21,0.2
2014-11-22,0
2014-11-23,0
2014-11-24,0.4
2014-11-25,28.6
2014-11-26,4.8
2014-11-27,21
2014-11-28,8.4
2014-11-29,0
2014-11-30,9.6
2014-12-01,7.9
2014-12-02,0
2014-12-03,0
2014-12-04,2.2
2014-12-05,0
2014-12-06,0.2
2014-12-07,0
2014-12-08,0.2
2014-12-09,4.4
2014-12-10,0
2014-12-11,0
2014-12-12,0
2014-12-13,0
2014-12-14,3.2
2014-12-15,5.2
2014-12-16,0.4
2014-12-17,0
2014-12-18,0
2014-12-19,0
2014-12-20,0
2014-12-21,0
2014-12-22,0
2014-12-23,0
2014-12-24,0
2014-12-25,0
2014-12-26,0
2014-12-27,1.8
2014-12-28,0
2014-12-29,0
2014-12-30,0
2014-12-31,0
2015-01-01,0
2015-01-02,0
2015-01-03,0
2015-01-04,0
2015-01-05,0
2015-01-06,0
2015-01-07,0
2015-01-08,0
2015-01-09,0
2015-01-10,0
2015-01-11,0
2015-01-12,0
2015-01-13,0
2015-01-14,0
2015-01-15,0
2015-01-16,48.2
2015-01-17,5.3
2015-01-18,0
2015-01-19,0
2015-01-20,0
2015-01-21,2.8
2015-01-22,9.7
2015-01-23,0
2015-01-24,0
2015-01-25,0
2015-01-26,0
2015-01-27,0
2015-01-28,0
2015-01-29,3.6
2015-01-30,5.7
2015-01-31,0
2015-02-01,0
2015-02-02,0
2015-02-03,0
2015-02-04,0
2015-02-05,0
2015-02-06,2
2015-02-07,0
2015-02-08,0
2015-02-09,0
2015-02-10,0
2015-02-11,0
2015-02-12,0
2015-02-13,8.1
2015-02-14,15.1
2015-02-15,1
2015-02-16,0
2015-02-17,0
2015-02-18,0
2015-02-19,0
2015-02-20,0
2015-02-21,30.3
2015-02-22,3
2015-02-23,0
2015-02-24,0
2015-02-25,0
2015-02-26,0
2015-02-27,0
2015-02-28,0.6
2015-03-01,0
2015-03-02,0
2015-03-03,0
2015-03-04,1.6
2015-03-05,0
2015-03-06,0
2015-03-07,0
2015-03-08,0
2015-03-09,0
2015-03-10,0
2015-03-11,0
2015-03-12,0
2015-03-13,0
2015-03-14,5.6
2015-03-15,1
2015-03-16,0
2015-03-17,0.8
2015-03-18,0
2015-03-19,0
2015-03-20,0
2015-03-21,3.4
2015-03-22,1.4
2015-03-23,0
2015-03-24,0.4
2015-03-25,0
2015-03-26,1.2
2015-03-27,0
2015-03-28,0
2015-03-29,0
2015-03-30,0
2015-03-31,0
2015-04-01,0
2015-04-02,0
2015-04-03,0
2015-04-04,0
2015-04-05,0
2015-04-06,0
2015-04-07,0
2015-04-08,0
2015-04-09,0
2015-04-10,0
2015-04-11,0
2015-04-12,0
2015-04-13,0
2015-04-14,0
2015-04-15,0
2015-04-16,0.2
2015-04-17,9.4
2015-04-18,0
2015-04-19,1.2
2015-04-20,0
2015-04-21,0
2015-04-22,0
2015-04-23,0
2015-04-24,0
2015-04-25,2
2015-04-26,6.7
2015-04-27,34.1
2015-04-28,2.6
2015-04-29,0.2
2015-04-30,0
2015-05-01,5.8
2015-05-02,0
2015-05-03,0.2
2015-05-04,0.8
2015-05-05,0
2015-05-06,0
2015-05-07,0
2015-05-08,0.2
2015-05-09,0
2015-05-10,0
2015-05-11,0
2015-05-12,0
2015-05-13,0
2015-05-14,0
2015-05-15,3
2015-05-16,0.8
2015-05-17,0.6
2015-05-18,0
2015-05-19,0
2015-05-20,0.2
2015-05-21,5.8
2015-05-22,0.2
2015-05-23,0
2015-05-24,0
2015-05-25,7.4
2015-05-26,0.2
2015-05-27,0
2015-05-28,0
2015-05-29,0
2015-05-30,10.2
2015-05-31,7.7
2015-06-01,0.2
2015-06-02,0.2
2015-06-03,0.2
2015-06-04,0.6
2015-06-05,3.4
2015-06-06,0.8
2015-06-07,0
2015-06-08,28.4
2015-06-09,33.8
2015-06-10,0
2015-06-11,0
2015-06-12,38.3
2015-06-13,0.4
2015-06-14,7.7
2015-06-15,3.6
2015-06-16,51.2
2015-06-17,0.2
2015-06-18,0.8
2015-06-19,2.6
2015-06-20,0.2
2015-06-21,0.4
2015-06-22,0
2015-06-23,0
2015-06-24,0
2015-06-25,0.2
2015-06-26,0
2015-06-27,0.2
2015-06-28,0.2
2015-06-29,0
2015-06-30,0
2015-07-01,0
2015-07-02,0.2
2015-07-03,0
2015-07-04,0
2015-07-05,0
2015-07-06,0
2015-07-07,0
2015-07-08,0.2
2015-07-09,0
2015-07-10,0
2015-07-11,0
2015-07-12,0
2015-07-13,0.2
2015-07-14,0
2015-07-15,0
2015-07-16,0
2015-07-17,0
2015-07-18,1.2
2015-07-19,0
2015-07-20,14.8
2015-07-21,0.2
2015-07-22,0.2
2015-07-23,2.4
2015-07-24,0.4
2015-07-25,0
2015-07-26,0
2015-07-27,0.2
2015-07-28,0
2015-07-29,0
2015-07-30,0
2015-07-31,0
2015-08-01,3
2015-08-02,0.2
2015-08-03,0.2
2015-08-04,0
2015-08-05,0
2015-08-06,0
2015-08-07,2.6
2015-08-08,0
2015-08-09,0.2
2015-08-10,9.1
2015-08-11,0
2015-08-12,0
2015-08-13,0
2015-08-14,0.2
2015-08-15,9.2
2015-08-16,10.3
2015-08-17,0.2
2015-08-18,0
2015-08-19,5
2015-08-20,0.2
2015-08-21,0.2
2015-08-22,0
2015-08-23,10.2
2015-08-24,29.2
2015-08-25,0.2
2015-08-26,0.2
2015-08-27,0
2015-08-28,0.2
2015-08-29,0.2
2015-08-30,0
2015-08-31,0
2015-09-01,2.6
2015-09-02,0
2015-09-03,0
2015-09-04,0
2015-09-05,0.2
2015-09-06,0
2015-09-07,0.2
2015-09-08,0
2015-09-09,0
2015-09-10,14.6
2015-09-11,0.2
2015-09-12,0.2
2015-09-13,40.6
2015-09-14,5.7
2015-09-15,0
2015-09-16,1.4
2015-09-17,0.2
2015-09-18,0
2015-09-19,9.9
2015-09-20,0.2
2015-09-21,0
2015-09-22,0
2015-09-23,0
2015-09-24,0
2015-09-25,0
2015-09-26,4.8
2015-09-27,0.2
2015-09-28,0.2
2015-09-29,0
2015-09-30,0
2015-10-01,1.4
2015-10-02,26.6
2015-10-03,45.4
2015-10-04,0.2
2015-10-05,1.2
2015-10-06,1
2015-10-07,0.2
2015-10-08,4
2015-10-09,0.2
2015-10-10,0
2015-10-11,0
2015-10-12,7.9
2015-10-13,1.6
2015-10-14,0.2
2015-10-15,2.8
2015-10-16,0.2
2015-10-17,0.2
2015-10-18,1.4
2015-10-19,0.2
2015-10-20,0
2015-10-21,0.2
2015-10-22,0
2015-10-23,0.2
2015-10-24,0
2015-10-25,0
2015-10-26,0
2015-10-27,16.3
2015-10-28,43.6
2015-10-29,0.2
2015-10-30,0
2015-10-31,0
2015-11-01,0
2015-11-02,0
2015-11-03,8.3
2015-11-04,0
2015-11-05,0
2015-11-06,0
2015-11-07,0
2015-11-08,0
2015-11-09,0
2015-11-10,0
2015-11-11,0
2015-11-12,0
2015-11-13,0
2015-11-14,0
2015-11-15,0
2015-11-16,0
2015-11-17,0
2015-11-18,0
2015-11-19,0
2015-11-20,0
2015-11-21,0
2015-11-22,0
2015-11-23,0
2015-11-24,0
2015-11-25,0
2015-11-26,0
2015-11-27,0
2015-11-28,0
2015-11-29,0
2015-11-30,0
2015-12-01,0
2015-12-02,0
2015-12-03,0
2015-12-04,0
2015-12-05,0
2015-12-06,0
2015-12-07,0
2015-12-08,0
2015-12-09,0
2015-12-10,0
2015-12-11,0
2015-12-12,0
2015-12-13,0
2015-12-14,0
2015-12-15,0
2015-12-16,0
2015-12-17,0
2015-12-18,0
2015-12-19,0
2015-12-20,0
2015-12-21,0
2015-12-22,0
2015-12-23,0
2015-12-24,0
2015-12-25,0
2015-12-26,0
2015-12-27,0
2015-12-28,0
2015-12-29,0
2015-12-30,0
2015-12-31,0
2016-01-01,0
2016-01-02,17.1
2016-01-03,0.2
2016-01-04,0
2016-01-05,0
2016-01-06,0
2016-01-07,0
2016-01-08,0
2016-01-09,5.4
2016-01-10,0
2016-01-11,14.9
2016-01-12,0
2016-01-13,0
2016-01-14,7.1
2016-01-15,0
2016-01-16,0
2016-01-17,0
2016-01-18,0
2016-01-19,0
2016-01-20,0
2016-01-21,0
2016-01-22,0
2016-01-23,0
2016-01-24,0
2016-01-25,0
2016-01-26,0
2016-01-27,0
2016-01-28,0
2016-01-29,0
2016-01-30,0
2016-01-31,0
2016-02-01,0
2016-02-02,0
2016-02-03,0
2016-02-04,0
2016-02-05,0
2016-02-06,2.6
2016-02-07,61.1
2016-02-08,0
2016-02-09,19.6
2016-02-10,0
2016-02-11,0
2016-02-12,14.3
2016-02-13,1.4
2016-02-14,7.1
2016-02-15,0
2016-02-16,0
2016-02-17,0
2016-02-18,0
2016-02-19,0
2016-02-20,0
2016-02-21,0
2016-02-22,8.8
2016-02-23,0
2016-02-24,0
2016-02-25,0.8
2016-02-26,0.2
2016-02-27,1.2
2016-02-28,7.5
2016-02-29,20.3
2016-03-01,0
2016-03-02,2.4
2016-03-03,0
2016-03-04,2.8
2016-03-05,48.6
2016-03-06,1.48
2016-03-07,0.52
2016-03-08,0
2016-03-09,0
2016-03-10,0
2016-03-11,0
2016-03-12,0
2016-03-13,0
2016-03-14,0
2016-03-15,0
2016-03-16,0.06
2016-03-17,0.52
2016-03-18,0
2016-03-19,0
2016-03-20,0
2016-03-21,0
2016-03-22,0
2016-03-23,0
2016-03-24,0
2016-03-25,0
2016-03-26,0
2016-03-27,2.6
2016-03-28,0
2016-03-29,0
2016-03-30,0
2016-03-31,0
2016-04-01,8.3
2016-04-02,0
2016-04-03,0.6
2016-04-04,7.2
2016-04-05,0.2
2016-04-06,2
2016-04-07,0
2016-04-08,0
2016-04-09,0.2
2016-04-10,0
2016-04-11,0
2016-04-12,0
2016-04-13,11.9
2016-04-14,0
2016-04-15,0
2016-04-16,0
2016-04-17,5.4
2016-04-18,0.2
2016-04-19,0
2016-04-20,0
2016-04-21,2.52
2016-04-22,1.08
2016-04-23,4.24
2016-04-24,8.38
2016-04-25,0.84
2016-04-26,0
2016-04-27,0
2016-04-28,0
2016-04-29,0.2
2016-04-30,0
2016-05-01,2.2
2016-05-02,0.8
2016-05-03,0
2016-05-04,0
2016-05-05,0
2016-05-06,0
2016-05-07,0
2016-05-08,5.6
2016-05-09,17.5
2016-05-10,4.5
2016-05-11,24.4
2016-05-12,3.2
2016-05-13,1
2016-05-14,24.5
2016-05-15,0.2
2016-05-16,0.2
2016-05-17,0
2016-05-18,1.2
2016-05-19,1
2016-05-20,0
2016-05-21,0
2016-05-22,0.4
2016-05-23,1.8
2016-05-24,0
2016-05-25,0.2
2016-05-26,0.2
2016-05-27,0
2016-05-28,0
2016-05-29,15.5
2016-05-30,0.2
2016-05-31,3.2
2016-06-01,1.6
2016-06-02,10.9
2016-06-03,9.3
2016-06-04,15.3
2016-06-05,7.7
2016-06-06,4
2016-06-07,6.4
2016-06-08,0.8
2016-06-09,2.2
2016-06-10,0.2
2016-06-11,0.2
2016-06-12,0
2016-06-13,0.4
2016-06-14,0.2
2016-06-15,6.4
2016-06-16,16.4
2016-06-17,0.2
2016-06-18,6.5
2016-06-19,1
2016-06-20,0
2016-06-21,0
2016-06-22,0.2
2016-06-23,0
2016-06-24,0
2016-06-25,0
2016-06-26,0
2016-06-27,0
2016-06-28,0
2016-06-29,0.2
2016-06-30,5.9
2016-07-01,0.2
2016-07-02,0.6
2016-07-03,0
2016-07-04,0.2
2016-07-05,14.1
2016-07-06,0.2
2016-07-07,0.2
2016-07-08,0
2016-07-09,0
2016-07-10,0.2
2016-07-11,0
2016-07-12,0.4
2016-07-13,0
2016-07-14,2.8
2016-07-15,0.2
2016-07-16,0
2016-07-17,0
2016-07-18,0
2016-07-19,0.2
2016-07-20,0
2016-07-21,0.2
2016-07-22,3
2016-07-23,13.8
2016-07-24,0.2
2016-07-25,0
2016-07-26,13.3
2016-07-27,4
2016-07-28,0.2
2016-07-29,0.2
2016-07-30,0.2
2016-07-31,8
2016-08-01,0.2
2016-08-02,0
2016-08-03,0.2
2016-08-04,0.2
2016-08-05,1.2
2016-08-06,0
2016-08-07,0
2016-08-08,0
2016-08-09,0
2016-08-10,22.2
2016-08-11,0
2016-08-12,0.2
2016-08-13,0
2016-08-14,0
2016-08-15,0
2016-08-16,0.2
2016-08-17,2.6
2016-08-18,0.2
2016-08-19,0.2
2016-08-20,9.6
2016-08-21,0.2
2016-08-22,0.2
2016-08-23,0
2016-08-24,0.2
2016-08-25,0
2016-08-26,0.2
2016-08-27,0.2
2016-08-28,0
2016-08-29,0.2
2016-08-30,15.8
2016-08-31,0.2
2016-09-01,0.2
2016-09-02,0.2
2016-09-03,0.2
2016-09-04,0.2
2016-09-05,0
2016-09-06,0
2016-09-07,0
2016-09-08,0
2016-09-09,0.2
2016-09-10,0
2016-09-11,0.4
2016-09-12,5
2016-09-13,4.6
2016-09-14,0.2
2016-09-15,65
2016-09-16,2.2
2016-09-17,0
2016-09-18,0.4
2016-09-19,0
2016-09-20,0
2016-09-21,6.7
2016-09-22,0.2
2016-09-23,1.4
2016-09-24,0
2016-09-25,0.2
2016-09-26,0
2016-09-27,4.2
2016-09-28,0.2
2016-09-29,0.2
2016-09-30,0.2
2016-10-01,1
2016-10-02,0.2
2016-10-03,0
2016-10-04,0.2
2016-10-05,0
2016-10-06,0
2016-10-07,0
2016-10-08,0
2016-10-09,0
2016-10-10,0.2
2016-10-11,0
2016-10-12,0
2016-10-13,25.4
2016-10-14,72.3
2016-10-15,2.3
2016-10-16,0.2
2016-10-17,0.6
2016-10-18,0.2
2016-10-19,0.2
2016-10-20,12.3
2016-10-21,0.4
2016-10-22,0.6
2016-10-23,13.1
2016-10-24,1.6
2016-10-25,5.2
2016-10-26,0.2
2016-10-27,0
2016-10-28,0
2016-10-29,0
2016-10-30,0
2016-10-31,0
2016-11-01,0
2016-11-02,0
2016-11-03,0
2016-11-04,3.8
2016-11-05,81.2
2016-11-06,0.2
2016-11-07,0.2
2016-11-08,1.4
2016-11-09,0.2
2016-11-10,0
2016-11-11,0
2016-11-12,0
2016-11-13,0
2016-11-14,0.6
2016-11-15,0.2
2016-11-16,0.2
2016-11-17,0
2016-11-18,11.9
2016-11-19,8.7
2016-11-20,4.8
2016-11-21,112.6
2016-11-22,31.3
2016-11-23,6.7
2016-11-24,68
2016-11-25,24.6
2016-11-26,0
2016-11-27,0
2016-11-28,0
2016-11-29,0
2016-11-30,0
2016-12-01,0
2016-12-02,0
2016-12-03,0
2016-12-04,0
2016-12-05,0
2016-12-06,0
2016-12-07,0
2016-12-08,0
2016-12-09,0
2016-12-10,0
2016-12-11,0
2016-12-12,0
2016-12-13,0
2016-12-14,0
2016-12-15,0
2016-12-16,0
2016-12-17,0
2016-12-18,0
2016-12-19,0.2
2016-12-20,13.1
2016-12-21,0
2016-12-22,0
2016-12-23,0
2016-12-24,0
2016-12-25,0
2016-12-26,0
2016-12-27,0
2016-12-28,0
2016-12-29,0
2016-12-30,0
2016-12-31,0
2017-01-01,0
2017-01-02,0
2017-01-03,0
2017-01-04,0
2017-01-05,0
2017-01-06,0
2017-01-07,0
2017-01-08,0
2017-01-09,0
2017-01-10,2
2017-01-11,0
2017-01-12,0.8
2017-01-13,1.2
2017-01-14,0
2017-01-15,0
2017-01-16,0
2017-01-17,0
2017-01-18,0
2017-01-19,0
2017-01-20,0
2017-01-21,0
2017-01-22,0
2017-01-23,0
2017-01-24,0
2017-01-25,0
2017-01-26,0
2017-01-27,0.4
2017-01-28,1.6
2017-01-29,0
2017-01-30,0
2017-01-31,0
2017-02-01,0
2017-02-02,12.4
2017-02-03,38
2017-02-04,20.6
2017-02-05,67
2017-02-06,0
2017-02-07,0
2017-02-08,0
2017-02-09,0
2017-02-10,4.4
2017-02-11,0
2017-02-12,0
2017-02-13,0
2017-02-14,0
2017-02-15,0
2017-02-16,0
2017-02-17,0
2017-02-18,0
2017-02-19,0
2017-02-20,0
2017-02-21,0
2017-02-22,0
2017-02-23,0
2017-02-24,0
2017-02-25,0
2017-02-26,0
2017-02-27,1.2
2017-02-28,19.2
2017-03-01,0
2017-03-02,0
2017-03-03,0
2017-03-04,47.6
2017-03-05,0
2017-03-06,14
2017-03-07,0
2017-03-08,0
2017-03-09,0
2017-03-10,0
2017-03-11,0
2017-03-12,0
2017-03-13,0
2017-03-14,0
2017-03-15,0
2017-03-16,0
2017-03-17,0
2017-03-18,0
2017-03-19,0
2017-03-20,0
2017-03-21,0.4
2017-03-22,5.2
2017-03-23,33
2017-03-24,39.2
2017-03-25,51.2
2017-03-26,0
2017-03-27,0
2017-03-28,0
2017-03-29,0
2017-03-30,0
2017-03-31,0
2017-04-01,18.6
2017-04-02,14.2
2017-04-03,5.2
2017-04-04,0
2017-04-05,2.4
2017-04-06,0
2017-04-07,0
2017-04-08,0
2017-04-09,1.2
2017-04-10,6
2017-04-11,0
2017-04-12,0
2017-04-13,0
2017-04-14,0
2017-04-15,0.4
2017-04-16,0
2017-04-17,0
2017-04-18,0.4
2017-04-19,0.8
2017-04-20,0
2017-04-21,0
2017-04-22,0
2017-04-23,0
2017-04-24,4.4
2017-04-25,0
2017-04-26,41.6
2017-04-27,10
2017-04-28,0.4
2017-04-29,0
2017-04-30,0
2017-05-01,26.2
2017-05-02,13.6
2017-05-03,9.6
2017-05-04,1.2
2017-05-05,0.8
2017-05-06,40.8
2017-05-07,0
2017-05-08,6
2017-05-09,0
2017-05-10,0
2017-05-11,0
2017-05-12,7.6
2017-05-13,0.4
2017-05-14,0
2017-05-15,0
2017-05-16,0
2017-05-17,0
2017-05-18,0
2017-05-19,22.6
2017-05-20,1.2
2017-05-21,0
2017-05-22,0
2017-05-23,0.4
2017-05-24,0
2017-05-25,0
2017-05-26,0
2017-05-27,0
2017-05-28,0
2017-05-29,0
2017-05-30,0
2017-05-31,0
2017-06-01,4.4
2017-06-02,12.6
2017-06-03,5.2
2017-06-04,0.4
2017-06-05,0.4
2017-06-06,0
2017-06-07,0
2017-06-08,0
2017-06-09,0.4
2017-06-10,0
2017-06-11,0
2017-06-12,0
2017-06-13,0
2017-06-14,0.4
2017-06-15,6.4
2017-06-16,0.4
2017-06-17,0.4
2017-06-18,0
2017-06-19,0
2017-06-20,0
2017-06-21,0
2017-06-22,0
2017-06-23,0
2017-06-24,5.8
2017-06-25,0.4
2017-06-26,11.8
2017-06-27,0.4
2017-06-28,25
2017-06-29,0.4
2017-06-30,0
2017-07-01,4.4
2017-07-02,0.4
2017-07-03,0
2017-07-04,0
2017-07-05,0
2017-07-06,0
2017-07-07,0
2017-07-08,0
2017-07-09,0.8
2017-07-10,5.6
2017-07-11,0
2017-07-12,0
2017-07-13,0
2017-07-14,0.4
2017-07-15,0
2017-07-16,0
2017-07-17,0
2017-07-18,0
2017-07-19,0
2017-07-20,0
2017-07-21,0
2017-07-22,0
2017-07-23,0.4
2017-07-24,0
2017-07-25,0
2017-07-26,0
2017-07-27,0
2017-07-28,0
2017-07-29,5.2
2017-07-30,0.4
2017-07-31,0
2017-08-01,0
2017-08-02,0
2017-08-03,0
2017-08-04,0
2017-08-05,0
2017-08-06,3.6
2017-08-07,0
2017-08-08,0
2017-08-09,0.4
2017-08-10,0
2017-08-11,26.8
2017-08-12,0.4
2017-08-13,0
2017-08-14,0
2017-08-15,0
2017-08-16,0.4
2017-08-17,0
2017-08-18,0
2017-08-19,0
2017-08-20,0
2017-08-21,0
2017-08-22,0
2017-08-23,11
2017-08-24,0
2017-08-25,0
2017-08-26,0
2017-08-27,0
2017-08-28,0
2017-08-29,0
2017-08-30,0.4
2017-08-31,7.2
2017-09-01,0.4
2017-09-02,2
2017-09-03,0
2017-09-04,0
2017-09-05,0.4
2017-09-06,0
2017-09-07,17.8
2017-09-08,0.4
2017-09-09,38.8
2017-09-10,0.4
2017-09-11,0.4
2017-09-12,0
2017-09-13,0
2017-09-14,0.4
2017-09-15,2.8
2017-09-16,0.4
2017-09-17,0
2017-09-18,0
2017-09-19,2
2017-09-20,0
2017-09-21,0
2017-09-22,0
2017-09-23,0
2017-09-24,0.4
2017-09-25,36
2017-09-26,5.6
2017-09-27,0.6
2017-09-28,0.2
2017-09-29,0.2
2017-09-30,0
2017-10-01,0
2017-10-02,0
2017-10-03,0
2017-10-04,0.2
2017-10-05,0
2017-10-06,0.2
2017-10-07,0
2017-10-08,0
2017-10-09,0
2017-10-10,0.2
2017-10-11,0.2
2017-10-12,0
2017-10-13,0.2
2017-10-14,0.2
2017-10-15,0.2
2017-10-16,0
2017-10-17,0
2017-10-18,0
2017-10-19,0
2017-10-20,0
2017-10-21,0
2017-10-22,0
2017-10-23,0
2017-10-24,0
2017-10-25,0
2017-10-26,0
2017-10-27,0
2017-10-28,0
2017-10-29,0
2017-10-30,0
2017-10-31,0
2017-11-01,0
2017-11-02,0
2017-11-03,0
2017-11-04,0.6
2017-11-05,41.9
2017-11-06,5.6
2017-11-07,3.6
2017-11-08,0.4
2017-11-09,1.2
2017-11-10,0
2017-11-11,0
2017-11-12,0
2017-11-13,0
2017-11-14,0
2017-11-15,0
2017-11-16,0
2017-11-17,0
2017-11-18,0
2017-11-19,0
2017-11-20,0
2017-11-21,0
2017-11-22,0
2017-11-23,0
2017-11-24,0.4
2017-11-25,1
2017-11-26,0
2017-11-27,0
2017-11-28,0
2017-11-29,0
2017-11-30,0
2017-12-01,0
2017-12-02,0.2
2017-12-03,0
2017-12-04,0
2017-12-05,0
2017-12-06,0
2017-12-07,0
2017-12-08,0
2017-12-09,0
2017-12-10,43.2
2017-12-11,209.8
2017-12-12,0
2017-12-13,0
2017-12-14,0
2017-12-15,0
2017-12-16,0
2017-12-17,0
2017-12-18,0
2017-12-19,0
2017-12-20,0
2017-12-21,0
2017-12-22,0
2017-12-23,0
2017-12-24,0
2017-12-25,0
2017-12-26,4.4
2017-12-27,17.5
2017-12-28,0
2017-12-29,0
2017-12-30,0
2017-12-31,0
2018-01-01,0.6
2018-01-02,0
2018-01-03,0.6
2018-01-04,0
2018-01-05,0
2018-01-06,2.2
2018-01-07,0
2018-01-08,25.2
2018-01-09,38.7
2018-01-10,0
2018-01-11,0
2018-01-12,0
2018-01-13,0
2018-01-14,0
2018-01-15,0
2018-01-16,0
2018-01-17,0
2018-01-18,0
2018-01-19,0
2018-01-20,0
2018-01-21,0
2018-01-22,0
2018-01-23,0
2018-01-24,0
2018-01-25,0.6
2018-01-26,5.4
2018-01-27,12.3
2018-01-28,0
2018-01-29,0
2018-01-30,0
2018-01-31,0
2018-02-01,0.8
2018-02-02,0
2018-02-03,0
2018-02-04,0
2018-02-05,3
2018-02-06,0
2018-02-07,0
2018-02-08,1.8
2018-02-09,0.4
2018-02-10,0
2018-02-11,0
2018-02-12,0
2018-02-13,0
2018-02-14,0.2
2018-02-15,0
2018-02-16,0
2018-02-17,11.3
2018-02-18,0
2018-02-19,0.6
2018-02-20,0
2018-02-21,0
2018-02-22,0
2018-02-23,0
2018-02-24,0
2018-02-25,14.3
2018-02-26,2.4
2018-02-27,0.533333333333333
2018-02-28,4.42
2018-03-01,1.43
2018-03-02,25.6
2018-03-03,10.3
2018-03-04,0
2018-03-05,4
2018-03-06,0.8
2018-03-07,0
2018-03-08,0
2018-03-09,0
2018-03-10,6
2018-03-11,82.7
2018-03-12,4.8
2018-03-13,0
2018-03-14,0
2018-03-15,33.5
2018-03-16,0.6
2018-03-17,4.4
2018-03-18,2.6
2018-03-19,1.8
2018-03-20,0
2018-03-21,0.2
2018-03-22,0
2018-03-23,0
2018-03-24,0
2018-03-25,0
2018-03-26,0
2018-03-27,0
2018-03-28,0
2018-03-29,0
2018-03-30,9.1
2018-03-31,1.4
2018-04-01,0
2018-04-02,0
2018-04-03,12.1
2018-04-04,6.4
2018-04-05,0
2018-04-06,0
2018-04-07,0
2018-04-08,2.2
2018-04-09,4.2
2018-04-10,25.6
2018-04-11,10.7
2018-04-12,32.8
2018-04-13,0
2018-04-14,0
2018-04-15,0
2018-04-16,0
2018-04-17,0
2018-04-18,0
2018-04-19,0
2018-04-20,0
2018-04-21,0
2018-04-22,0
2018-04-23,0
2018-04-24,0
2018-04-25,0
2018-04-26,0
2018-04-27,0
2018-04-28,0.4
2018-04-29,17
2018-04-30,0.4
2018-05-01,1.2
2018-05-02,0
2018-05-03,0.8
2018-05-04,9.5
2018-05-05,0.8
2018-05-06,0.4
2018-05-07,10.3
2018-05-08,3.8
2018-05-09,0.4
2018-05-10,1.2
2018-05-11,0.4
2018-05-12,0
2018-05-13,15.7
2018-05-14,2.2
2018-05-15,2.6
2018-05-16,5.8
2018-05-17,0.2
2018-05-18,0.2
2018-05-19,2.6
2018-05-20,7.5
2018-05-21,0.2
2018-05-22,1.4
2018-05-23,4.8
2018-05-24,0.2
2018-05-25,0.2
2018-05-26,0.2
2018-05-27,0
2018-05-28,13.1
2018-05-29,0.6
2018-05-30,0.6
2018-05-31,1.4
2018-06-01,0
2018-06-02,1.4
2018-06-03,0
2018-06-04,15.5
2018-06-05,1.2
2018-06-06,5.8
2018-06-07,7.5
2018-06-08,4.2
2018-06-09,0
2018-06-10,0
2018-06-11,7.3
2018-06-12,2.2
2018-06-13,1.2
2018-06-14,0
2018-06-15,0.2
2018-06-16,0
2018-06-17,0.6
2018-06-18,0
2018-06-19,0
2018-06-20,0
2018-06-21,0
2018-06-22,0
2018-06-23,0
2018-06-24,10.5
2018-06-25,0
2018-06-26,0
2018-06-27,0.2
2018-06-28,10.5
2018-06-29,0.2
2018-06-30,0
2018-07-01,0.2
2018-07-02,0
2018-07-03,2.4
2018-07-04,0.2
2018-07-05,3.7
2018-07-06,27.6
2018-07-07,2
2018-07-08,0
2018-07-09,0.2
2018-07-10,0
2018-07-11,1.6
2018-07-12,0
2018-07-13,0
2018-07-14,0
2018-07-15,0.2
2018-07-16,9.7
2018-07-17,0.2
2018-07-18,0
2018-07-19,10.3
2018-07-20,0.2
2018-07-21,10.8
2018-07-22,9.3
2018-07-23,0
2018-07-24,0
2018-07-25,1.2
2018-07-26,50.5
2018-07-27,0
2018-07-28,7
2018-07-29,0
2018-07-30,23.9
2018-07-31,0
2018-08-01,0.2
2018-08-02,0.8
2018-08-03,0
2018-08-04,0
2018-08-05,12.9
2018-08-06,0
2018-08-07,0
2018-08-08,0.4
2018-08-09,4.8
2018-08-10,0.2
2018-08-11,0
2018-08-12,0.2
2018-08-13,6
2018-08-14,0.2
2018-08-15,0.2
2018-08-16,0
2018-08-17,6.3
2018-08-18,1.2
2018-08-19,0.2
2018-08-20,0
2018-08-21,0.2
2018-08-22,0
2018-08-23,0.6
2018-08-24,0
2018-08-25,0.2
2018-08-26,0.2
2018-08-27,0.2
2018-08-28,0.2
2018-08-29,0.4
2018-08-30,0
2018-08-31,0
2018-09-01,11.5
2018-09-02,5.8
2018-09-03,0.6
2018-09-04,0.2
2018-09-05,1
2018-09-06,10.4
2018-09-07,1.8
2018-09-08,0.2
2018-09-09,0.2
2018-09-10,0.2
2018-09-11,0.2
2018-09-12,0
2018-09-13,1.2
2018-09-14,0.2
2018-09-15,0
2018-09-16,0.2
2018-09-17,0
2018-09-18,1.4
2018-09-19,0
2018-09-20,0.2
2018-09-21,0
2018-09-22,0
2018-09-23,0.2
2018-09-24,0.2
2018-09-25,0
2018-09-26,0.2
2018-09-27,0.2
2018-09-28,0.2
2018-09-29,0
2018-09-30,0.2
2018-10-01,3
2018-10-02,0
2018-10-03,0.2
2018-10-04,0
2018-10-05,0
2018-10-06,0.4
2018-10-07,5
2018-10-08,0
2018-10-09,2
2018-10-10,5.8
2018-10-11,34.3
2018-10-12,0.2
2018-10-13,0.4
2018-10-14,0.2
2018-10-15,0
2018-10-16,1
2018-10-17,0.2
2018-10-18,0.2
2018-10-19,0.2
2018-10-20,0.4
2018-10-21,0
2018-10-22,0
2018-10-23,0
2018-10-24,0
2018-10-25,0
2018-10-26,0
2018-10-27,53.7
2018-10-28,25.5
2018-10-29,45.4
2018-10-30,9.1
2018-10-31,12.9
2018-11-01,37.5
2018-11-02,1
2018-11-03,0.2
2018-11-04,0.8
2018-11-05,1.8
2018-11-06,29.1
2018-11-07,0.6
2018-11-08,2.6
2018-11-09,0.2
2018-11-10,9.5
2018-11-11,3.4
2018-11-12,0.8
2018-11-13,0
2018-11-14,0
2018-11-15,0.2
2018-11-16,0
2018-11-17,0
2018-11-18,0
2018-11-19,0
2018-11-20,0
2018-11-21,11.5
2018-11-22,0.2
2018-11-23,20.2
2018-11-24,18.1
2018-11-25,8.3
2018-11-26,0
2018-11-27,0.4
2018-11-28,0
2018-11-29,0
2018-11-30,10.1
2018-12-01,0.4
2018-12-02,0.2
2018-12-03,0.2
2018-12-04,0.2
2018-12-05,0
2018-12-06,0.2
2018-12-07,0.2
2018-12-08,0
2018-12-09,0
2018-12-10,0
2018-12-11,0
2018-12-12,0
2018-12-13,0
2018-12-14,0
2018-12-15,0
2018-12-16,3.6
2018-12-17,0.2
2018-12-18,0
2018-12-19,31.5
2018-12-20,0
2018-12-21,0
2018-12-22,0
2018-12-23,0
2018-12-24,0
2018-12-25,0
2018-12-26,0
2018-12-27,0
2018-12-28,0
2018-12-29,0
2018-12-30,0
2018-12-31,0
2019-01-01,0
2019-01-02,0
2019-01-03,0
2019-01-04,0
2019-01-05,0
2019-01-06,0
2019-01-07,0
2019-01-08,0
2019-01-09,0
2019-01-10,0
2019-01-11,0
2019-01-12,0
2019-01-13,0
2019-01-14,0
2019-01-15,0
2019-01-16,0
2019-01-17,0
2019-01-18,0
2019-01-19,0
2019-01-20,0.4
2019-01-21,0
2019-01-22,0
2019-01-23,0.2
2019-01-24,0
2019-01-25,0
2019-01-26,0
2019-01-27,0
2019-01-28,0
2019-01-29,0
2019-01-30,0
2019-01-31,1.6
2019-02-01,81.5
2019-02-02,9.3
2019-02-03,0.6
2019-02-04,0
2019-02-05,0
2019-02-06,0
2019-02-07,0
2019-02-08,0
2019-02-09,0
2019-02-10,1.6
2019-02-11,0
2019-02-12,0
2019-02-13,0
2019-02-14,0
2019-02-15,0
2019-02-16,0
2019-02-17,0
2019-02-18,0
2019-02-19,0.2
2019-02-20,0.2
2019-02-21,0
2019-02-22,0
2019-02-23,0
2019-02-24,0.2
2019-02-25,0
2019-02-26,0
2019-02-27,0
2019-02-28,0
2019-03-01,0
2019-03-02,0
2019-03-03,0
2019-03-04,0
2019-03-05,0
2019-03-06,0
2019-03-07,5.2
2019-03-08,0
2019-03-09,0
2019-03-10,0
2019-03-11,0
2019-03-12,0
2019-03-13,0
2019-03-14,0
2019-03-15,0
2019-03-16,0
2019-03-17,0
2019-03-18,0
2019-03-19,0
2019-03-20,0
2019-03-21,0
2019-03-22,0
2019-03-23,0
2019-03-24,0
2019-03-25,0
2019-03-26,0
2019-03-27,0
2019-03-28,0
2019-03-29,0
2019-03-30,0
2019-03-31,0
2019-04-01,0
2019-04-02,0
2019-04-03,52.8
2019-04-04,22.2
2019-04-05,0
2019-04-06,6.3
2019-04-07,1
2019-04-08,3.6
2019-04-09,1
2019-04-10,0.6
2019-04-11,3.8
2019-04-12,0.2
2019-04-13,0.6
2019-04-14,0
2019-04-15,0
2019-04-16,0
2019-04-17,0.2
2019-04-18,0
2019-04-19,0
2019-04-20,0
2019-04-21,0
2019-04-22,5
2019-04-23,19.6
2019-04-24,74.4
2019-04-25,0
2019-04-26,24.8
2019-04-27,0
2019-04-28,0
2019-04-29,0
2019-04-30,0
2019-05-01,0.2
2019-05-02,7.7
2019-05-03,9
2019-05-04,5.2
2019-05-05,13.7
2019-05-06,0.2
2019-05-07,0
2019-05-08,14.7
2019-05-09,0.2
2019-05-10,0
2019-05-11,0.2
2019-05-12,0
2019-05-13,0
2019-05-14,0
2019-05-15,6.7
2019-05-16,0
2019-05-17,0.8
2019-05-18,0.2
2019-05-19,8.6
2019-05-20,3.2
2019-05-21,1.6
2019-05-22,1.6
2019-05-23,0.2
2019-05-24,15.7
2019-05-25,6.1
2019-05-26,1.2
2019-05-27,0
2019-05-28,9.5
2019-05-29,0.2
2019-05-30,0
2019-05-31,0
2019-06-01,0.2
2019-06-02,0
2019-06-03,0.2
2019-06-04,0
2019-06-05,0.2
2019-06-06,0
2019-06-07,0
2019-06-08,0.2
2019-06-09,4.4
2019-06-10,0.2
2019-06-11,0.2
2019-06-12,0
2019-06-13,0
2019-06-14,0.2
2019-06-15,0.2
2019-06-16,0
2019-06-17,0
2019-06-18,1
2019-06-19,0
2019-06-20,0
2019-06-21,0
2019-06-22,1.4
2019-06-23,0
2019-06-24,0.2
2019-06-25,0
2019-06-26,0
2019-06-27,0
2019-06-28,0
2019-06-29,4.6
2019-06-30,15.4
2019-07-01,1.8
2019-07-02,0.4
2019-07-03,0
2019-07-04,12.5
2019-07-05,0.2
2019-07-06,0.2
2019-07-07,4.8
2019-07-08,0
2019-07-09,6.5
2019-07-10,0
2019-07-11,0.8
2019-07-12,0.2
2019-07-13,0
2019-07-14,3.2
2019-07-15,6.8
2019-07-16,0
2019-07-17,0.2
2019-07-18,2.2
2019-07-19,0.2
2019-07-20,1.2
2019-07-21,0.2
2019-07-22,0.2
2019-07-23,0.6
2019-07-24,0
2019-07-25,0
2019-07-26,0
2019-07-27,43.3
2019-07-28,5.2
2019-07-29,0.2
2019-07-30,0.2
2019-07-31,0.4
2019-08-01,0
2019-08-02,0.2
2019-08-03,0.2
2019-08-04,0
2019-08-05,0.2
2019-08-06,0.2
2019-08-07,0
2019-08-08,0
2019-08-09,0.2
2019-08-10,0.2
2019-08-11,0.4
2019-08-12,17.9
2019-08-13,0
2019-08-14,0.2
2019-08-15,0
2019-08-16,0.2
2019-08-17,0.2
2019-08-18,0.2
2019-08-19,0
2019-08-20,2
2019-08-21,0.4
2019-08-22,0.4
2019-08-23,0.2
2019-08-24,0.2
2019-08-25,0.2
2019-08-26,0.6
2019-08-27,0
2019-08-28,1.2
2019-08-29,1.6
2019-08-30,2.4
2019-08-31,0.2
2019-09-01,4.6
2019-09-02,0
2019-09-03,0.2
2019-09-04,0
2019-09-05,0.2
2019-09-06,11.4
2019-09-07,0.4
2019-09-08,2
2019-09-09,0.4
2019-09-10,13.1
2019-09-11,0.4
2019-09-12,0.8
2019-09-13,1
2019-09-14,0
2019-09-15,0.4
2019-09-16,0.2
2019-09-17,0.2
2019-09-18,2.2
2019-09-19,10.8
2019-09-20,0.4
2019-09-21,9.7
2019-09-22,9.8
2019-09-23,9.1
2019-09-24,0.2
2019-09-25,0.4
2019-09-26,0.4
2019-09-27,0.2
2019-09-28,0
2019-09-29,0.4
2019-09-30,0.2
2019-10-01,4.5
2019-10-02,4
2019-10-03,0
2019-10-04,0.2
2019-10-05,0.2
2019-10-06,0.2
2019-10-07,1.8
2019-10-08,0
2019-10-09,0.6
2019-10-10,0.2
2019-10-11,0.4
2019-10-12,0.2
2019-10-13,0.6
2019-10-14,0
2019-10-15,159.9
2019-10-16,0.2
2019-10-17,0
2019-10-18,0.4
2019-10-19,27.3
2019-10-20,12.7
2019-10-21,30.5
2019-10-22,0
2019-10-23,16.1
2019-10-24,30.6
2019-10-25,0
2019-10-26,0
2019-10-27,0
2019-10-28,0
2019-10-29,0
2019-10-30,0
2019-10-31,0.2
2019-11-01,0.6
2019-11-02,6.2
2019-11-03,51.1
2019-11-04,0
2019-11-05,3.6
2019-11-06,1.2
2019-11-07,2.4
2019-11-08,0
2019-11-09,0
2019-11-10,0
2019-11-11,0.8
2019-11-12,0
2019-11-13,0
2019-11-14,33.5
2019-11-15,15.3
2019-11-16,7.3
2019-11-17,0
2019-11-18,0
2019-11-19,0.8
2019-11-20,2.4
2019-11-21,3.6
2019-11-22,16.6
2019-11-23,73
2019-11-24,2.4
2019-11-25,0
2019-11-26,0
2019-11-27,21.8
2019-11-28,0
2019-11-29,0
2019-11-30,0
2019-12-01,60.9
2019-12-02,4
2019-12-03,0
2019-12-04,0
2019-12-05,0
2019-12-06,0
2019-12-07,0
2019-12-08,0
2019-12-09,0
2019-12-10,0
2019-12-11,0
2019-12-12,0.2
2019-12-13,10.3
2019-12-14,0
2019-12-15,0
2019-12-16,0
2019-12-17,0
2019-12-18,0.8
2019-12-19,0.8
2019-12-20,106.3
2019-12-21,20.7
2019-12-22,7.1
2019-12-23,0
2019-12-24,0
2019-12-25,0
2019-12-26,0
2019-12-27,0
2019-12-28,0
2019-12-29,0
2019-12-30,0
2019-12-31,0
2020-01-01,0
2020-01-02,0
2020-01-03,0
2020-01-04,0
2020-01-05,0
2020-01-06,0
2020-01-07,0
2020-01-08,0
2020-01-09,0
2020-01-10,0
2020-01-11,0
2020-01-12,0
2020-01-13,0
2020-01-14,0
2020-01-15,0
2020-01-16,0
2020-01-17,17.5
2020-01-18,0
2020-01-19,0
2020-01-20,0
2020-01-21,0
2020-01-22,0
2020-01-23,0
2020-01-24,0
2020-01-25,0
2020-01-26,0
2020-01-27,0
2020-01-28,0.2
2020-01-29,0
2020-01-30,0
2020-01-31,0
2020-02-01,0
2020-02-02,0
2020-02-03,0
2020-02-04,0
2020-02-05,0
2020-02-06,0
2020-02-07,0
2020-02-08,0
2020-02-09,0
2020-02-10,0
2020-02-11,0
2020-02-12,0
2020-02-13,0
2020-02-14,0.4
2020-02-15,0
2020-02-16,0
2020-02-17,0
2020-02-18,0
2020-02-19,0
2020-02-20,0
2020-02-21,0
2020-02-22,0
2020-02-23,0
2020-02-24,0
2020-02-25,0
2020-02-26,0
2020-02-27,1.2
2020-02-28,0
2020-02-29,1
2020-03-01,2.2
2020-03-02,47.8
2020-03-03,0
2020-03-04,0
2020-03-05,33.9
2020-03-06,0
2020-03-07,0
2020-03-08,0
2020-03-09,0
2020-03-10,0
2020-03-11,0
2020-03-12,0
2020-03-13,0
2020-03-14,0
2020-03-15,0
2020-03-16,0
2020-03-17,0
2020-03-18,0
2020-03-19,0
2020-03-20,0
2020-03-21,0
2020-03-22,0
2020-03-23,0
2020-03-24,0
2020-03-25,0
2020-03-26,0
2020-03-27,0
2020-03-28,0
2020-03-29,0
2020-03-30,3.4
2020-03-31,2
2020-04-01,0.6
2020-04-02,0
2020-04-03,0
2020-04-04,0
2020-04-05,0
2020-04-06,0
2020-04-07,0
2020-04-08,0
2020-04-09,0
2020-04-10,0
2020-04-11,0
2020-04-12,0
2020-04-13,0
2020-04-14,0
2020-04-15,0
2020-04-16,0
2020-04-17,0
2020-04-18,0
2020-04-19,12.5
2020-04-20,0.4
2020-04-21,0
2020-04-22,0
2020-04-23,0
2020-04-24,0
2020-04-25,0.4
2020-04-26,2
2020-04-27,1.6
2020-04-28,4.4
2020-04-29,0
2020-04-30,4.2
2020-05-01,0
2020-05-02,0
2020-05-03,0
2020-05-04,0
2020-05-05,0
2020-05-06,0.2
2020-05-07,0
2020-05-08,0
2020-05-09,2.8
2020-05-10,36.5
2020-05-11,45.2
2020-05-12,0
2020-05-13,0.2
2020-05-14,8.5
2020-05-15,7
2020-05-16,12.3
2020-05-17,15.5
2020-05-18,0.2
2020-05-19,6.6
2020-05-20,0
2020-05-21,0.2
2020-05-22,0
2020-05-23,0.2
2020-05-24,0
2020-05-25,0
2020-05-26,0.2
2020-05-27,0
2020-05-28,2.6
2020-05-29,0
2020-05-30,0.8
2020-05-31,0
2020-06-01,1.6
2020-06-02,2
2020-06-03,32.4
2020-06-04,49.5
2020-06-05,0
2020-06-06,0.2
2020-06-07,21.2
2020-06-08,1
2020-06-09,4.2
2020-06-10,4
2020-06-11,14.6
2020-06-12,0.2
2020-06-13,27.7
2020-06-14,11.1
2020-06-15,17
2020-06-16,16.9
2020-06-17,1
2020-06-18,0.2
2020-06-19,0
2020-06-20,0
2020-06-21,0
2020-06-22,0
2020-06-23,0
2020-06-24,0.4
2020-06-25,0
2020-06-26,0
2020-06-27,2.8
2020-06-28,0.2
2020-06-29,0.4
2020-06-30,0
2020-07-01,0.2
2020-07-02,0.4
2020-07-03,2.8
2020-07-04,0
2020-07-05,0.2
2020-07-06,0
2020-07-07,0.2
2020-07-08,0.2
2020-07-09,0
2020-07-10,0.2
2020-07-11,0.2
2020-07-12,8.2
2020-07-13,5.5
2020-07-14,9.1
2020-07-15,2
2020-07-16,0.2
2020-07-17,0.8
2020-07-18,0.4
2020-07-19,0
2020-07-20,0.4
2020-07-21,4.8
2020-07-22,0.8
2020-07-23,0.2
2020-07-24,1
2020-07-25,0.2
2020-07-26,0.2
2020-07-27,0
2020-07-28,0.2
2020-07-29,0.2
2020-07-30,0
2020-07-31,0.2
2020-08-01,0
2020-08-02,0
2020-08-03,0.2
2020-08-04,0
2020-08-05,0
2020-08-06,0
2020-08-07,0
2020-08-08,0
2020-08-09,0
2020-08-10,8
2020-08-11,0
2020-08-12,0
2020-08-13,19.2
2020-08-14,0.2
2020-08-15,0
2020-08-16,0.2
2020-08-17,0
2020-08-18,0
2020-08-19,0
2020-08-20,0.4
2020-08-21,0.8
2020-08-22,0.2
2020-08-23,1.2
2020-08-24,22.1
2020-08-25,0
2020-08-26,0.2
2020-08-27,0
2020-08-28,8.1
2020-08-29,6.4
2020-08-30,0.6
2020-08-31,1
2020-09-01,0.8
2020-09-02,3.4
2020-09-03,0.8
2020-09-04,0.2
2020-09-05,0.2
2020-09-06,0.2
2020-09-07,0.8
2020-09-08,0.2
2020-09-09,1.2
2020-09-10,0.8
2020-09-11,0.8
2020-09-12,0
2020-09-13,0.2
2020-09-14,0
2020-09-15,0.2
2020-09-16,0
2020-09-17,0.2
2020-09-18,0
2020-09-19,1.8
2020-09-20,2.4
2020-09-21,9.3
2020-09-22,4.4
2020-09-23,0.2
2020-09-24,15.5
2020-09-25,0.2
2020-09-26,0
2020-09-27,3
2020-09-28,0
2020-09-29,0.2
2020-09-30,0
2020-10-01,0.8
2020-10-02,3.14
2020-10-03,5.12
2020-10-04,0.92
2020-10-05,1.61
2020-10-06,0.2
2020-10-07,2.35
2020-10-08,4.76
2020-10-09,5.38
2020-10-10,1.38
2020-10-11,4.28
2020-10-12,1.58
2020-10-13,8.34
2020-10-14,7.39
2020-10-15,16.52
2020-10-16,7.98
2020-10-17,9.54
2020-10-18,1.65
2020-10-19,5.07
2020-10-20,15.57
2020-10-21,4.85
2020-10-22,0.28
2020-10-23,4.18
2020-10-24,8.25
2020-10-25,0.86
2020-10-26,3.97
2020-10-27,7.36
2020-10-28,6.91
2020-10-29,4.88
2020-10-30,6.15
2020-10-31,2.75
2020-11-01,5.21
2020-11-02,4.43
2020-11-03,9.47
2020-11-04,23.73
2020-11-05,15.15
2020-11-06,3.63
2020-11-07,0.88
2020-11-08,0.54
2020-11-09,3.97
2020-11-10,5.72
2020-11-11,5.32
2020-11-12,1.78
2020-11-13,0
2020-11-14,4.72
2020-11-15,8.61
2020-11-16,0.97
2020-11-17,0.14
2020-11-18,1.21
2020-11-19,0.97
2020-11-20,0.72
2020-11-21,15.03
2020-11-22,5.21
2020-11-23,9.99
2020-11-24,9.01
2020-11-25,7.37
2020-11-26,1.75
2020-11-27,4.32
2020-11-28,0.94
2020-11-29,0.5
2020-11-30,6.29
2020-12-01,13.27
2020-12-02,0.44
2020-12-03,0.92
2020-12-04,3.11
2020-12-05,0.2
2020-12-06,0.04
2020-12-07,0.08
2020-12-08,4.34
2020-12-09,2.32
2020-12-10,4.42
2020-12-11,20.98
2020-12-12,0.02
2020-12-13,2.07
2020-12-14,1.84
2020-12-15,2.12
2020-12-16,1.4
2020-12-17,0.02
2020-12-18,0.08
2020-12-19,3.25
2020-12-20,11.94
2020-12-21,2.57
2020-12-22,0.75
2020-12-23,0
2020-12-24,0.2
2020-12-25,0.5
2020-12-26,0.44
2020-12-27,2.23
2020-12-28,0.1
2020-12-29,0
2020-12-30,0.3
2020-12-31,0.64
2021-01-01,0.0727272727272727
2021-01-02,2.6
2021-01-03,0.254545454545455
2021-01-04,5.20909090909091
2021-01-05,4.61818181818182
2021-01-06,4.05454545454545
2021-01-07,0.672727272727273
2021-01-08,3.65454545454545
2021-01-09,4.46363636363636
2021-01-10,0.181818181818182
2021-01-11,1.35454545454545
2021-01-12,0.0727272727272727
2021-01-13,1.19090909090909
2021-01-14,1.27272727272727
2021-01-15,0
2021-01-16,7.51818181818182
2021-01-17,9.4
2021-01-18,4.70909090909091
2021-01-19,3.54545454545455
2021-01-20,0.272727272727273
2021-01-21,0.254545454545455
2021-01-22,2.91818181818182
2021-01-23,0.79
2021-01-24,0
2021-01-25,0.0545454545454546
2021-01-26,2.3
2021-01-27,4.34545454545455
2021-01-28,1.43636363636364
2021-01-29,0.8
2021-01-30,2.02727272727273
2021-01-31,0.781818181818182
2021-02-01,7.55454545454545
2021-02-02,2.61818181818182
2021-02-03,3.92727272727273
2021-02-04,3.70909090909091
2021-02-05,8.69090909090909
2021-02-06,0.436363636363636
2021-02-07,7.01818181818182
2021-02-08,1.44545454545455
2021-02-09,4.65454545454545
2021-02-10,7.10909090909091
2021-02-11,0.745454545454545
2021-02-12,1.57272727272727
2021-02-13,0.936363636363636
2021-02-14,3.89090909090909
2021-02-15,0.745454545454545
2021-02-16,0.972727272727273
2021-02-17,1.85454545454545
2021-02-18,0
2021-02-19,0.0727272727272727
2021-02-20,0.0181818181818182
2021-02-21,2.77272727272727
2021-02-22,2.33636363636364
2021-02-23,0.545454545454545
2021-02-24,0.0181818181818182
2021-02-25,2.25454545454545
2021-02-26,2.4
2021-02-27,0.533333333333333
2021-02-28,4.42
2021-03-01,1.43
2021-03-02,8.04545454545454
2021-03-03,8.92727272727273
2021-03-04,5.38181818181818
2021-03-05,8.13636363636364
2021-03-06,1.48
2021-03-07,0.52
2021-03-08,0.581818181818182
2021-03-09,2.54545454545455
2021-03-10,7.47272727272727
2021-03-11,9.97272727272727
2021-03-12,0.872727272727273
2021-03-13,1.35454545454545
2021-03-14,1.87272727272727
2021-03-15,5.56363636363636
2021-03-16,0.06
2021-03-17,0.52
2021-03-18,0.236363636363636
2021-03-19,0.163636363636364
2021-03-20,0
2021-03-21,1.17272727272727
2021-03-22,4.94545454545455
2021-03-23,4.63636363636364
2021-03-24,5
2021-03-25,5.03636363636364
2021-03-26,3.19090909090909
2021-03-27,2.81818181818182
2021-03-28,1.15454545454545
2021-03-29,0.0363636363636364
2021-03-30,2.89090909090909
2021-03-31,6.81818181818182
2021-04-01,5.43
2021-04-02,1.42
2021-04-03,7.37
2021-04-04,4.2
2021-04-05,0.236363636363636
2021-04-06,0.754545454545455
2021-04-07,0.181818181818182
2021-04-08,0.563636363636364
2021-04-09,2.00909090909091
2021-04-10,3.01818181818182
2021-04-11,1.42727272727273
2021-04-12,3.50909090909091
2021-04-13,1.78181818181818
2021-04-14,0.4
2021-04-15,1.94545454545455
2021-04-16,5.00909090909091
2021-04-17,3.14545454545455
2021-04-18,0.163636363636364
2021-04-19,1.62727272727273
2021-04-20,2.15454545454545
2021-04-21,2.52
2021-04-22,1.08
2021-04-23,4.24
2021-04-24,8.38
2021-04-25,0.84
2021-04-26,7.43636363636364
2021-04-27,4.84545454545455
2021-04-28,2.70909090909091
2021-04-29,2
2021-04-30,1.50909090909091
2021-05-01,5
2021-05-02,5.78181818181818
2021-05-03,3.52727272727273
2021-05-04,3.60909090909091
2021-05-05,2.38181818181818
2021-05-06,4.30909090909091
2021-05-07,1.62727272727273
2021-05-08,3.28181818181818
2021-05-09,3.4
2021-05-10,4.56363636363636
2021-05-11,7.2
2021-05-12,3.61818181818182
2021-05-13,3.24545454545455
2021-05-14,5.05
2021-05-15,3.86
2021-05-16,3.3
2021-05-17,2.69
2021-05-18,0.58
2021-05-19,4.38
2021-05-20,2.14
2021-05-21,1.18
2021-05-22,1.88
2021-05-23,1.46
2021-05-24,1.89
2021-05-25,2.29
2021-05-26,1.03
2021-05-27,1
2021-05-28,4.37
2021-05-29,2.13
2021-05-30,1.77
2021-05-31,1.38888888888889
2021-06-01,2.74444444444444
2021-06-02,3.27777777777778
2021-06-03,6.05555555555556
2021-06-04,9.05555555555556
2021-06-05,1.43333333333333
2021-06-06,1.24444444444444
2021-06-07,3.9
2021-06-08,3.95555555555556
2021-06-09,5.33333333333333
2021-06-10,1.23333333333333
2021-06-11,2.78888888888889
2021-06-12,4.52222222222222
2021-06-13,7.5
2021-06-14,5.14444444444444
2021-06-15,4.11111111111111
2021-06-16,9.47777777777778
2021-06-17,4.26666666666667
2021-06-18,1.95555555555556
2021-06-19,0.555555555555556
2021-06-20,1.18888888888889
2021-06-21,0.888888888888889
2021-06-22,0.844444444444444
2021-06-23,0.533333333333333
2021-06-24,3.28888888888889
2021-06-25,4.57777777777778
2021-06-26,2.34444444444444
2021-06-27,0.4
2021-06-28,4.63333333333333
2021-06-29,1.75555555555556
2021-06-30,2.38888888888889
2021-07-01,2.11111111111111
2021-07-02,0.333333333333333
2021-07-03,1.38888888888889
2021-07-04,2.5
2021-07-05,1.84
2021-07-06,3
2021-07-07,1.47
2021-07-08,0.22
2021-07-09,1.48
2021-07-10,0.62
2021-07-11,1.31
2021-07-12,1.83
2021-07-13,3.7
2021-07-14,2.23
2021-07-15,1.24
2021-07-16,1.21
2021-07-17,0.12
2021-07-18,0.6
2021-07-19,1.07
2021-07-20,2.33
2021-07-21,2.63
2021-07-22,1.37
2021-07-23,2.71
2021-07-24,1.9
2021-07-25,0.8
2021-07-26,7.63
2021-07-27,4.75
2021-07-28,1.58
2021-07-29,0.88
2021-07-30,2.49
2021-07-31,0.86
2021-08-01,0.36
2021-08-02,0.24
2021-08-03,0.08
2021-08-04,1.92
2021-08-05,1.75
2021-08-06,0.68
2021-08-07,2.73
2021-08-08,0.06
2021-08-09,0.58
2021-08-10,4.29
2021-08-11,3.02
2021-08-12,1.89
2021-08-13,3.93
2021-08-14,0.58
2021-08-15,1.34
2021-08-16,2.34
2021-08-17,3.49
2021-08-18,4.25
2021-08-19,1.77
2021-08-20,1.22
2021-08-21,0.2
2021-08-22,0.2
2021-08-23,2.34
2021-08-24,5.17
2021-08-25,0.08
2021-08-26,0.72
2021-08-27,2.22
2021-08-28,3.99
2021-08-29,1.64
2021-08-30,2.3
2021-08-31,1.46
2021-09-01,2.25
2021-09-02,3.64
2021-09-03,0.84
2021-09-04,0.16
2021-09-05,2.64
2021-09-06,2.67
2021-09-07,2.12
2021-09-08,4.84
2021-09-09,5.54
2021-09-10,4.85
2021-09-11,0.24
2021-09-12,1.44
2021-09-13,4.76
2021-09-14,3.38
2021-09-15,7.44
2021-09-16,1.33
2021-09-17,0.64
2021-09-18,1
2021-09-19,2
2021-09-20,2
2021-09-21,0
2021-09-22,0
2021-09-23,0
2021-09-24,0
2021-09-25,0
2021-09-26,4
2021-09-27,0
2021-09-28,0
2021-09-29,0
2021-09-30,0
2021-10-01,0
2021-10-02,0
2021-10-03,3
2021-10-04,7
2021-10-05,1
2021-10-06,0
2021-10-07,0
2021-10-08,0
2021-10-09,0
2021-10-10,0
2021-10-11,0
2021-10-12,0
2021-10-13,0
2021-10-14,0
2021-10-15,0
2021-10-16,0
2021-10-17,0
2021-10-18,0
2021-10-19,0
2021-10-20,3
2021-10-21,3
2021-10-22,0
2021-10-23,0
2021-10-24,0
2021-10-25,0
2021-10-26,0
2021-10-27,0
2021-10-28,0
2021-10-29,1
2021-10-30,14
2021-10-31,12
2021-11-01,10
2021-11-02,0
2021-11-03,11
2021-11-04,2
2021-11-05,0
2021-11-06,0
2021-11-07,2
2021-11-08,1
2021-11-09,0
2021-11-10,9
2021-11-11,1
2021-11-12,0
2021-11-13,0
2021-11-14,2
2021-11-15,10
2021-11-16,0
2021-11-17,0
2021-11-18,0
2021-11-19,0
2021-11-20,0
2021-11-21,0
2021-11-22,0
2021-11-23,0
2021-11-24,0
2021-11-25,11
2021-11-26,0
2021-11-27,0
2021-11-28,0
2021-11-29,0
2021-11-30,0
2021-12-01,0
2021-12-02,0
2021-12-03,0
2021-12-04,0
2021-12-05,0
2021-12-06,0
2021-12-07,0
2021-12-08,14
2021-12-09,1
2021-12-10,0
2021-12-11,0
2021-12-12,0
2021-12-13,0
2021-12-14,0
2021-12-15,0
2021-12-16,0
2021-12-17,0
2021-12-18,0
2021-12-19,0
2021-12-20,0
2021-12-21,0
2021-12-22,0
2021-12-23,0
2021-12-24,2
2021-12-25,5
2021-12-26,0
2021-12-27,3
2021-12-28,1
2021-12-29,0
2021-12-30,0
2021-12-31,0
2022-01-01,0
2022-01-02,0
2022-01-03,0
2022-01-04,0
2022-01-05,1
2022-01-06,0
2022-01-07,0
2022-01-08,0
2022-01-09,0
2022-01-10,0
2022-01-11,0
2022-01-12,0
2022-01-13,0
2022-01-14,0
2022-01-15,0
2022-01-16,0
2022-01-17,0
2022-01-18,0
2022-01-19,0
2022-01-20,0
2022-01-21,0
2022-01-22,0
2022-01-23,0
2022-01-24,0
2022-01-25,0
2022-01-26,0
2022-01-27,0
2022-01-28,0
2022-01-29,0
2022-01-30,0
2022-01-31,0
2022-02-01,0
2022-02-02,0
2022-02-03,0
2022-02-04,0
2022-02-05,0
2022-02-06,0
2022-02-07,0
2022-02-08,0
2022-02-09,0
2022-02-10,0
2022-02-11,2
2022-02-12,0
2022-02-13,0
2022-02-14,20
2022-02-15,7
2022-02-16,0
2022-02-17,0
2022-02-18,0
2022-02-19,0
2022-02-20,0
2022-02-21,0
2022-02-22,0
2022-02-23,0
2022-02-24,0
2022-02-25,0
2022-02-26,0
2022-02-27,0
2022-02-28,0
2022-03-01,0
2022-03-02,0
2022-03-03,0
2022-03-04,5
2022-03-05,3
2022-03-06,0
2022-03-07,0
2022-03-08,1
2022-03-09,0
2022-03-10,0
2022-03-11,0
2022-03-12,0
2022-03-13,8
2022-03-14,7
2022-03-15,0
2022-03-16,0
2022-03-17,0
2022-03-18,0
2022-03-19,0
2022-03-20,0
2022-03-21,0
2022-03-22,0
2022-03-23,0
2022-03-24,0
2022-03-25,0
2022-03-26,0
2022-03-27,0
2022-03-28,0
2022-03-29,0
2022-03-30,9
2022-03-31,5
2022-04-01,5.43
2022-04-02,1.42
2022-04-03,7.37
2022-04-04,4.2
2022-04-05,0
2022-04-06,0
2022-04-07,0
2022-04-08,0
2022-04-09,0
2022-04-10,0
2022-04-11,0
2022-04-12,0
2022-04-13,0
2022-04-14,0
2022-04-15,0
2022-04-16,0
2022-04-17,0
2022-04-18,0
2022-04-19,0
2022-04-20,0
2022-04-21,1
2022-04-22,3
2022-04-23,19
2022-04-24,5
2022-04-25,2
2022-04-26,0
2022-04-27,0
2022-04-28,0
2022-04-29,0
2022-04-30,6
2022-05-01,1
2022-05-02,4
2022-05-03,7
2022-05-04,0
2022-05-05,2
2022-05-06,0
2022-05-07,0
2022-05-08,1
2022-05-09,0
2022-05-10,0
2022-05-11,0
2022-05-12,0
2022-05-13,0
2022-05-14,2
2022-05-15,0
2022-05-16,0
2022-05-17,0
2022-05-18,2
2022-05-19,0
2022-05-20,0
2022-05-21,0
2022-05-22,0
2022-05-23,0
2022-05-24,1
2022-05-25,6
2022-05-26,0
2022-05-27,0
2022-05-28,0
2022-05-29,0
2022-05-30,0
2022-05-31,0
2022-06-01,0
2022-06-02,0
2022-06-03,5
2022-06-04,0
2022-06-05,0
2022-06-06,0
2022-06-07,0
2022-06-08,0
2022-06-09,0
2022-06-10,0
2022-06-11,0
2022-06-12,0
2022-06-13,0
2022-06-14,0
2022-06-15,2
2022-06-16,0
2022-06-17,0
2022-06-18,0
2022-06-19,0
2022-06-20,0
2022-06-21,3
2022-06-22,6
2022-06-23,3
2022-06-24,1
2022-06-25,0
2022-06-26,0
2022-06-27,0
2022-06-28,5
2022-06-29,1
2022-06-30,0
2022-07-01,0
2022-07-02,0
2022-07-03,0
2022-07-04,1
2022-07-05,0
2022-07-06,2
2022-07-07,0
2022-07-08,0
2022-07-09,0
2022-07-10,0
2022-07-11,0
2022-07-12,0
2022-07-13,0
2022-07-14,4
2022-07-15,0
2022-07-16,0
2022-07-17,0
2022-07-18,2
2022-07-19,0
2022-07-20,0
2022-07-21,0
2022-07-22,0
2022-07-23,2
2022-07-24,0
2022-07-25,3
2022-07-26,0
2022-07-27,0
2022-07-28,3
2022-07-29,2
2022-07-30,0
2022-07-31,0
2022-08-01,0
2022-08-02,1
2022-08-03,0
2022-08-04,0
2022-08-05,0
2022-08-06,3
2022-08-07,4
2022-08-08,0
2022-08-09,0
2022-08-10,3
2022-08-11,3
2022-08-12,0
2022-08-13,0
2022-08-14,5
2022-08-15,0
2022-08-16,2
2022-08-17,4
2022-08-18,7
2022-08-19,0
2022-08-20,0
2022-08-21,0
2022-08-22,1
2022-08-23,0
2022-08-24,0
2022-08-25,0
2022-08-26,5
2022-08-27,0
2022-08-28,1
2022-08-29,3
2022-08-30,3
2022-08-31,6
2022-09-01,1
2022-09-02,3
2022-09-03,6
2022-09-04,0
2022-09-05,1
2022-09-06,0
2022-09-07,0
2022-09-08,4
2022-09-09,0
2022-09-10,0
2022-09-11,0
2022-09-12,0
2022-09-13,0
2022-09-14,9
2022-09-15,4
2022-09-16,0
2022-09-17,0
2022-09-18,0
2022-09-19,0
2022-09-20,0
2022-09-21,0
2022-09-22,1
2022-09-23,1
2022-09-24,13
2022-09-25,2
2022-09-26,0
2022-09-27,0
2022-09-28,0
2022-09-29,0
2022-09-30,2
2022-10-01,0
2022-10-02,0
2022-10-03,0
2022-10-04,0
2022-10-05,0
2022-10-06,0
2022-10-07,0
2022-10-08,4
2022-10-09,12
2022-10-10,2
2022-10-11,0
2022-10-12,0
2022-10-13,0
2022-10-14,0
2022-10-15,0
2022-10-16,0
2022-10-17,0
2022-10-18,0
2022-10-19,0
2022-10-20,0
2022-10-21,14
2022-10-22,1
2022-10-23,0
2022-10-24,0
2022-10-25,0
2022-10-26,0
2022-10-27,0
2022-10-28,0
2022-10-29,0
2022-10-30,0
2022-10-31,0
2022-11-01,3
2022-11-02,0
2022-11-03,9
2022-11-04,8
2022-11-05,1
2022-11-06,0
2022-11-07,0
2022-11-08,0
2022-11-09,3
2022-11-10,1
2022-11-11,0
2022-11-12,0
2022-11-13,0
2022-11-14,2
2022-11-15,10
2022-11-16,2
2022-11-17,0
2022-11-18,0
2022-11-19,0
2022-11-20,0
2022-11-21,3
2022-11-22,4
2022-11-23,0
2022-11-24,0
2022-11-25,0
2022-11-26,0
2022-11-27,0
2022-11-28,1
2022-11-29,3
2022-11-30,0
2022-12-01,0
2022-12-02,0
2022-12-03,9
2022-12-04,15
2022-12-05,2
2022-12-06,0
2022-12-07,0
2022-12-08,3
2022-12-09,17
2022-12-10,1
2022-12-11,0
2022-12-12,0
2022-12-13,9
2022-12-14,15
2022-12-15,16
2022-12-16,10
2022-12-17,0
2022-12-18,0
2022-12-19,0
2022-12-20,0
2022-12-21,5
2022-12-22,0
2022-12-23,0
2022-12-24,0
2022-12-25,0
2022-12-26,0
2022-12-27,0
2022-12-28,0
2022-12-29,0
2022-12-30,3
2022-12-31,0
2023-01-01,0
2023-01-02,0
2023-01-03,0
2023-01-04,0
2023-01-05,0
2023-01-06,0
2023-01-07,0
2023-01-08,15
2023-01-09,0
2023-01-10,0
2023-01-11,0
2023-01-12,0
2023-01-13,0
2023-01-14,0
2023-01-15,0
2023-01-16,1
2023-01-17,2
2023-01-18,0
2023-01-19,0
2023-01-20,0
2023-01-21,0
2023-01-22,0
2023-01-23,0.79
2023-01-24,0
2023-01-25,0
2023-01-26,0
2023-01-27,0
2023-01-28,0
2023-01-29,0
2023-01-30,0
2023-01-31,0
2023-02-01,0
2023-02-02,0
2023-02-03,0
2023-02-04,0
2023-02-05,2
2023-02-06,0
2023-02-07,1
2023-02-08,0
2023-02-09,0
2023-02-10,0
2023-02-11,0
2023-02-12,0
2023-02-13,0
2023-02-14,0
2023-02-15,0
2023-02-16,0
2023-02-17,0
2023-02-18,0
2023-02-19,0
2023-02-20,0
2023-02-21,0
2023-02-22,0
2023-02-23,3
2023-02-24,0
2023-02-25,0
2023-02-26,0
2023-02-27,1
2023-02-28,0
2023-03-01,0
2023-03-02,0
2023-03-03,0
2023-03-04,0
2023-03-05,0
2023-03-06,0
2023-03-07,0
2023-03-08,0
2023-03-09,1
2023-03-10,1
2023-03-11,0
2023-03-12,0
2023-03-13,0
2023-03-14,5
2023-03-15,0
2023-03-16,0
2023-03-17,0
2023-03-18,0
2023-03-19,0
2023-03-20,0
2023-03-21,0
2023-03-22,0
2023-03-23,0
2023-03-24,0
2023-03-25,0
2023-03-26,0
2023-03-27,0
2023-03-28,0
2023-03-29,0
2023-03-30,0
2023-03-31,2
2023-04-01,0
2023-04-02,0
2023-04-03,3
2023-04-04,2
2023-04-05,0
2023-04-06,0
2023-04-07,1
2023-04-08,0
2023-04-09,0
2023-04-10,0
2023-04-11,0
2023-04-12,4
2023-04-13,1
2023-04-14,0
2023-04-15,6
2023-04-16,0
2023-04-17,0
2023-04-18,0
2023-04-19,3
2023-04-20,8
2023-04-21,0
2023-04-22,0
2023-04-23,2
2023-04-24,0
2023-04-25,0
2023-04-26,0
2023-04-27,0
2023-04-28,0
2023-04-29,1
2023-04-30,6
2023-05-01,9
2023-05-02,2
2023-05-03,0
2023-05-04,0
2023-05-05,0
2023-05-06,1
2023-05-07,4
2023-05-08,0
2023-05-09,7
2023-05-10,8
2023-05-11,9
2023-05-12,16
2023-05-13,4
2023-05-14,1
2023-05-15,0
2023-05-16,0
2023-05-17,7
2023-05-18,2
2023-05-19,1
2023-05-20,0
2023-05-21,4
2023-05-22,0
2023-05-23,0
2023-05-24,2
2023-05-25,3
2023-05-26,0
2023-05-27,0
2023-05-28,7
2023-05-29,0
2023-05-30,0
2023-07-01,2.11111111111111
2023-07-02,0.333333333333333
2023-07-03,1.38888888888889
2023-07-04,2.5
2023-07-05,0
2023-07-06,0
2023-07-07,0
2023-07-08,0
2023-07-09,0
2023-07-10,0
2023-07-11,0
2023-07-12,0
2023-07-13,0
2023-07-14,0
2023-07-15,0
2023-07-16,0
2023-07-17,0
2023-07-18,0
2023-07-19,0
2023-07-20,0
2023-07-21,0
2023-07-22,0
2023-07-23,0
2023-07-24,2.4
2023-07-25,0
2023-07-26,0
2023-07-27,0
2023-07-28,0
2023-07-29,0
2023-07-30,0
2023-07-31,0
2023-08-01,0
2023-08-02,0
2023-08-03,0
2023-08-04,19
2023-08-05,0
2023-08-06,0
2023-08-07,0
2023-08-08,0
2023-08-09,0
2023-08-10,0
2023-08-11,0
2023-08-12,0
2023-08-13,0.6
2023-08-14,0
2023-08-15,0
2023-08-16,0
2023-08-17,0
2023-08-18,0
2023-08-19,0
2023-08-20,0
2023-08-21,0
2023-08-22,0
2023-08-23,0
2023-08-24,0
2023-08-25,0
2023-08-26,0.8
2023-08-27,21.6
2023-08-28,28.8
2023-08-29,4.4
2023-08-30,0.6
2023-08-31,0
2023-09-01,0
2023-09-02,0
2023-09-03,0
2023-09-04,0
2023-09-05,0
2023-09-06,0
2023-09-07,0
2023-09-08,0
2023-09-09,0
2023-09-10,0
2023-09-11,0
2023-09-12,0
2023-09-13,0
2023-09-14,18.3
2023-09-15,0.2
2023-09-16,8.1
2023-09-17,0
2023-09-18,11.6
2023-09-19,0.2
2023-09-20,9.3
2023-09-21,4
2023-09-22,6.1
2023-09-23,0
2023-09-24,0
2023-09-25,0
2023-09-26,0
2023-09-27,0
2023-09-28,0
2023-09-29,0
2023-09-30,0
2023-10-01,0
2023-10-02,0
2023-10-03,0
2023-10-04,0
2023-10-05,0
2023-10-06,0
2023-10-07,0
2023-10-08,0
2023-10-09,0
2023-10-10,0
2023-10-11,0
2023-10-12,0
2023-10-13,0.2
2023-10-14,0
2023-10-15,0
2023-10-16,0
2023-10-17,0.6
2023-10-18,7
2023-10-19,22.6
2023-10-20,127.3
2023-10-21,0.2
2023-10-22,0
2023-10-23,10.6
2023-10-24,50.1
2023-10-25,0
2023-10-26,3.6
2023-10-27,0.2
2023-10-28,0
2023-10-29,2
2023-10-30,38.4
2023-10-31,2.4
2023-11-01,1
2023-11-02,37.1
2023-11-03,2.2
2023-11-04,21
2023-11-05,0.2
2023-11-06,0
2023-11-07,0
2023-11-08,0
2023-11-09,9.5
2023-11-10,0.2
2023-11-11,0
2023-11-12,0.8
2023-11-13,0
2023-11-14,0
2023-11-15,0
2023-11-16,0
2023-11-17,0
2023-11-18,0
2023-11-19,0
2023-11-20,0
2023-11-21,0
2023-11-22,0
2023-11-23,0
2023-11-24,0
2023-11-25,0
2023-11-26,0
2023-11-27,0
2023-11-28,0
2023-11-29,2
2023-11-30,43.2
2023-12-01,63.5
2023-12-02,0
2023-12-03,0
2023-12-04,13.7
2023-12-05,0
2023-12-06,0
2023-12-07,0
2023-12-08,26.2
2023-12-09,0.8
2023-12-10,0
2023-12-11,0
2023-12-12,0
2023-12-13,0
2023-12-14,0
2023-12-15,0
2023-12-16,0
2023-12-17,0
2023-12-18,0
2023-12-19,0
2023-12-20,0
2023-12-21,0
2023-12-22,0
2023-12-23,0
2023-12-24,0
2023-12-25,0
2023-12-26,0
2023-12-27,0
2023-12-28,0
2023-12-29,0
2023-12-30,0
2023-12-31,6.4
2024-01-01,0
2024-01-02,0
2024-01-03,0
2024-01-04,0
2024-01-05,40.7
2024-01-06,0
2024-01-07,0
2024-01-08,0
2024-01-09,5
2024-01-10,0
2024-01-11,0
2024-01-12,0
2024-01-13,0
2024-01-14,0
2024-01-15,0
2024-01-16,0
2024-01-17,48.8
2024-01-18,0
2024-01-19,0
2024-01-20,0
2024-01-21,0
2024-01-22,0
2024-01-23,0
2024-01-24,0
2024-01-25,0
2024-01-26,0
2024-01-27,0
2024-01-28,0
2024-01-29,0
2024-01-30,0
2024-01-31,0
2024-02-01,0
2024-02-02,0
2024-02-03,0
2024-02-04,0
2024-02-05,0
2024-02-06,0
2024-02-07,0
2024-02-08,0
2024-02-09,31.2
2024-02-10,34.7
2024-02-11,0
2024-02-12,0
2024-02-13,0
2024-02-14,0
2024-02-15,0
2024-02-16,0
2024-02-17,0
2024-02-18,0
2024-02-19,0
2024-02-20,0
2024-02-21,0
2024-02-22,11.1
2024-02-23,3
2024-02-24,0
2024-02-25,7.1
2024-02-26,2.4
2024-02-27,0.533333333333333
2024-02-28,1.6
2024-02-29,0.4
2024-03-01,10.1
2024-03-02,12.7
2024-03-03,80.9
2024-03-04,1.4
2024-03-05,0
2024-03-06,0
2024-03-07,0
2024-03-08,5.4
2024-03-09,11.3
2024-03-10,53
2024-03-11,4.6
2024-03-12,0
2024-03-13,0
2024-03-14,0
2024-03-15,0
2024-03-16,0
2024-03-17,0
2024-03-18,0
2024-03-19,0
2024-03-20,0
2024-03-21,0
2024-03-22,0
2024-03-23,0
2024-03-24,0
2024-03-25,2.4
2024-03-26,32.1
2024-03-27,28.4
2024-03-28,12.7
2024-03-29,0.4
2024-03-30,10.3
2024-03-31,64.6
2024-04-01,26.8
2024-04-02,0
2024-04-03,0
2024-04-04,0
2024-04-05,0
2024-04-06,0
2024-04-07,0
2024-04-08,0
2024-04-09,15.5
2024-04-10,1
2024-04-11,1.2
2024-04-12,0
2024-04-13,0
2024-04-14,0
2024-04-15,0
2024-04-16,0
2024-04-17,0
2024-04-18,1.2
2024-04-19,0
2024-04-20,0
2024-04-21,18
2024-04-22,0
2024-04-23,1
2024-04-24,0
2024-04-25,3
2024-04-26,6.5
2024-04-27,0.6
2024-04-28,18.6
2024-04-29,0
2024-04-30,0
2024-05-01,4.6
2024-05-02,28.2
2024-05-03,0.2
2024-05-04,0
2024-05-05,0.2
2024-05-06,4.6
2024-05-07,1.6
2024-05-08,0
2024-05-09,0
2024-05-10,0
2024-05-11,0
2024-05-12,6
2024-05-13,6.5
2024-05-14,12.1
2024-05-15,19.1
2024-05-16,13.9
2024-05-17,0
2024-05-18,0
2024-05-19,0
2024-05-20,9.1
2024-05-21,0
2024-05-22,0
2024-05-23,4.4
2024-05-24,0
2024-05-25,0
2024-05-26,0
2024-05-27,5.8
2024-05-28,0.2
2024-05-29,1.4
2024-05-30,0
2024-05-31,0
2024-06-01,0
2024-06-02,1.8
2024-06-03,0
2024-06-04,0
2024-06-05,0
2024-06-06,0.2
2024-06-07,0
2024-06-08,1
2024-06-09,2.8
2024-06-10,0.2
2024-06-11,0.2
2024-06-12,0
2024-06-13,0.4
2024-06-14,0
2024-06-15,0
2024-06-16,0
2024-06-17,0
2024-06-18,0
2024-06-19,1.4
2024-06-20,10.5
2024-06-21,4.4
2024-06-22,0
2024-06-23,1.8
2024-06-24,11.7
2024-06-25,1.6
2024-06-26,2.4
2024-06-27,0
2024-06-28,0.2
2024-06-29,0
2024-06-30,0
2024-07-01,11.6
2024-07-02,0.6
2024-07-03,7.3
2024-07-04,0.2
2024-07-05,0
2024-07-06,0
2024-07-07,0
2024-07-08,0
2024-07-09,0
2024-07-10,0
2024-07-11,0
2024-07-12,6.7
2024-07-13,0
2024-07-14,0
2024-07-15,0
2024-07-16,0
2024-07-17,0
2024-07-18,0
2024-07-19,0
2024-07-20,0
2024-07-21,0.6
2024-07-22,0
2024-07-23,1.4
2024-07-24,0
2024-07-25,0
2024-07-26,0
2024-07-27,0
2024-07-28,0
2024-07-29,0
2024-07-30,0
2024-07-31,0
2024-08-01,0
2024-08-02,0
2024-08-03,0
2024-08-04,0
2024-08-05,0
2024-08-06,0
2024-08-07,0
2024-08-08,0
2024-08-09,0
2024-08-10,0
2024-08-11,0
2024-08-12,0
2024-08-13,0
2024-08-14,0
2024-08-15,3.8
2024-08-16,2.2
2024-08-17,21.6
2024-08-18,33.7
2024-08-19,0
2024-08-20,0
2024-08-21,0
2024-08-22,0
2024-08-23,0
2024-08-24,0
2024-08-25,0
2024-08-26,0
2024-08-27,0
2024-08-28,0.4
2024-08-29,0
2024-08-30,0
2024-08-31,0
2024-09-01,1.2
2024-09-02,22
2024-09-03,0.6
2024-09-04,0.8
2024-09-05,23.2
2024-09-06,0
2024-09-07,0
2024-09-08,36.6
2024-09-09,0
2024-09-10,0
2024-09-11,0
2024-09-12,8.4
2024-09-13,0
2024-09-14,0
2024-09-15,0
2024-09-16,0.8
2024-09-17,2.8
2024-09-18,0
2024-09-19,0
2024-09-20,0
2024-09-21,0
2024-09-22,0.4
2024-09-23,6.6
2024-09-24,0
2024-09-25,0
2024-09-26,17.3
2024-09-27,0
2024-09-28,0
2024-09-29,0
2024-09-30,0
2024-10-01,0
2024-10-02,0.4
2024-10-03,2.4
2024-10-04,1.2
2024-10-05,0
2024-10-06,0
2024-10-07,14.3
2024-10-08,38.6
2024-10-09,39
2024-10-10,5.2
2024-10-11,0
2024-10-12,2.6
2024-10-13,0
2024-10-14,0
2024-10-15,0
2024-10-16,78.2
2024-10-17,93.8
2024-10-18,7.3
2024-10-19,0
2024-10-20,0
2024-10-21,0
2024-10-22,1.2
2024-10-23,1.8
2024-10-24,0.2
2024-10-25,3.4
2024-10-26,35.9
2024-10-27,3.2
2024-10-28,0
2024-10-29,0
2024-10-30,0
2024-10-31,0
2024-11-01,0
2024-11-02,0
2024-11-03,0
2024-11-04,0
2024-11-05,0
2024-11-06,0.2
2024-11-07,0
2024-11-08,0
2024-11-09,0.2
2024-11-10,0
2024-11-11,0
2024-11-12,7.5
2024-11-13,0
2024-11-14,0
2024-11-15,0
2024-11-16,0
2024-11-17,0
2024-11-18,0
2024-11-19,0
2024-11-20,0
2024-11-21,19.4
2024-11-22,0
2024-11-23,0
2024-11-24,0.8
2024-11-25,0.2
2024-11-26,12.7
2024-11-27,0
2024-11-28,0
2024-11-29,0
2024-11-30,0
2024-12-01,0
2024-12-02,0
2024-12-03,0
2024-12-04,0
2024-12-05,0
2024-12-06,0
2024-12-07,0.6
2024-12-08,0
2024-12-09,0
2024-12-10,0
2024-12-11,0
2024-12-12,0
2024-12-13,1.4
2024-12-14,0.2
2024-12-15,0
2024-12-16,0
2024-12-17,0
2024-12-18,0
2024-12-19,0
2024-12-20,0
2024-12-21,0
2024-12-22,0.4
2024-12-23,0
2024-12-24,0
2024-12-25,0
2024-12-26,0
2024-12-27,0
2024-12-28,0
2024-12-29,0
2024-12-30,0
2024-12-31,0
2025-01-01,0
2025-01-02,0
2025-01-03,0
2025-01-04,0
2025-01-05,0
2025-01-06,42.4
2025-01-07,7.4
2025-01-08,0
2025-01-09,0
2025-01-10,0
2025-01-11,0
2025-01-12,0
2025-01-13,0
2025-01-14,0
2025-01-15,0
2025-01-16,0
2025-01-17,0
2025-01-18,0
2025-01-19,0
2025-01-20,0.4
2025-01-21,0
2025-01-22,22.4
2025-01-23,7.7
2025-01-24,0
2025-01-25,0
2025-01-26,19.9
2025-01-27,35.1
2025-01-28,14
2025-01-29,0
2025-01-30,7.3
2025-01-31,5
2025-02-01,0
2025-02-02,0
2025-02-03,0
2025-02-04,0
2025-02-05,0
2025-02-06,0
2025-02-07,0
2025-02-08,0
2025-02-09,0
2025-02-10,0.2
2025-02-11,6.2
2025-02-12,3
2025-02-13,0
2025-02-14,0
2025-02-15,0
2025-02-16,0
2025-02-17,0
2025-02-18,0
2025-02-19,0
2025-02-20,0
2025-02-21,0
2025-02-22,2.8
2025-02-23,0
2025-02-24,0
2025-02-25,0.2
2025-02-26,0
2025-02-27,0
2025-02-28,0
2025-03-01,0
2025-03-02,0
2025-03-03,0
2025-03-04,0
2025-03-05,0
2025-03-06,0
2025-03-07,0
2025-03-08,0
2025-03-09,15.7
2025-03-10,22.2
2025-03-11,22.4
2025-03-12,4.8
2025-03-13,6.9
2025-03-14,3
2025-03-15,26.7
2025-03-16,0
2025-03-17,0
2025-03-18,0
2025-03-19,0
2025-03-20,0
2025-03-21,8.9
2025-03-22,14.1
2025-03-23,17.8
2025-03-24,15.4
2025-03-25,0
2025-03-26,1.8
2025-03-27,0
2025-03-28,0
2025-03-29,0
2025-03-30,0
2025-03-31,0
2025-04-01,0
2025-04-02,0
2025-04-03,0
2025-04-04,0
2025-04-05,0
2025-04-06,0
2025-04-07,0
2025-04-08,0
2025-04-09,0
2025-04-10,0
2025-04-11,0
2025-04-12,1
2025-04-13,6.1
2025-04-14,4.4
2025-04-15,15
2025-04-16,54.9
2025-04-17,19.6
2025-04-18,0
2025-04-19,0.4
2025-04-20,11.1
2025-04-21,0
2025-04-22,0.2
2025-04-23,0.8
2025-04-24,0
2025-04-25,0
2025-04-26,0
2025-04-27,0
2025-04-28,0
2025-04-29,0.8
2025-04-30,0
2025-05-01,0
2025-05-02,0
2025-05-03,0.8
2025-05-04,23
2025-05-05,8.7
2025-05-06,0.2
2025-05-07,2
2025-05-08,4.8
2025-05-09,9.5
2025-05-10,0
2025-05-11,0
2025-05-12,7
2025-05-13,0
